truncate table figure_skater cascade;
truncate table category cascade;
truncate table figure_skater_categories cascade;
truncate table coach cascade ;


insert into figure_skater(id, fullname, birthday, sex, skating_type)
values (1, 'Медведева Евгения Армановна', '1999-11-19', 'f', 'single'),
       (2, 'Загитова Алина Ильназовна', '2002-05-18', 'f', 'single'),
       (3, 'Трусова Александра Вячеславовна', '2004-06-23', 'f', 'single'),
       (4, 'Щербакова Анна Станиславовна', '2004-03-28', 'f', 'single'),
       (5, 'Косторная Алёна Сергеевна', '2003-08-24', 'f', 'single'),
       (6, 'Липницкая Юлия Вячеславовна', '1998-06-05', 'f', 'single'),
       (7, 'Двоеглазова Алиса Ивановна', '2008-10-11', 'f', 'single'),
       (8, 'Валиева Камила Валерьевна', '2006-04-26', 'f', 'single'),
       (9, 'Базылюк Маргарита Андреевна', '2011-03-12', 'f', 'single'),
       (10, 'Титова Дарья Юрьевна', '2012-03-16', 'f', 'single'),
       (11, 'Семененко Евгений Станиславович', '2003-07-26', 'm', 'single'),
       (12, 'Алиев Дмитрий Сергеевич', '1999-06-01', 'm', 'single'),
       (13, 'Самсоснов Даниил Александрович', '2005-07-13', 'm', 'single'),
       (14, 'Дикиджи Владислав Максимович', '2004-08-22', 'm', 'single'),
       (15, 'Гуменник Пётр Олегович', '2002-04-11', 'm', 'single'),
       (16, 'Кондратюк Марк Валерьевич', '2003-09-03', 'm', 'single'),
       (17, 'Мишина Анастасия Викторовна', '2001-04-24', 'f', 'pairs'),
       (18, 'Галлямов Александр Романович', '1999-08-28', 'm', 'pairs'),
       (19, 'Бойкова Александра Игоревна', '2002-01-20', 'f', 'pairs'),
       (20, 'Козловский Дмитрий Эдуардович', '1999-12-23', 'm', 'pairs'),
       (21, 'Чикмарёва Екатерина Николаевна', '2007-03-20', 'f', 'pairs'),
       (22, 'Янченков Матвей Александрович', '2004-04-05', 'm', 'pairs'),
       (23, 'Аннабель Морозова', '2001-05-02', 'f', 'ice dancing'),
       (24, 'Багин Андрей Владиславович', '1996-04-18', 'f', 'ice dancing'),
       (25, 'Синицина Виктория Александровна', '1995-04-29', 'f', 'ice dancing'),
       (26, 'Кацалапов Никита Геннадьевич', '1991-07-10', 'm', 'ice dancing'),
       (27, 'Степанова, Александра Николаевна', '1995-08-19', 'f', 'ice dancing'),
       (28, 'Букин Иван Андреевич', '1993-09-16', 'm', 'ice dancing'),
       (29, 'Коляда Михаил Сергеевич', '1995-02-18', 'm', 'single');

insert into category(id, title, since_year, validity_period)
values (1, '3 юношеский разряд', 6, 2),
       (2, '2 юношеский разряд', 6, 2),
       (3, '1 юношеский разряд', 8, 2),
       (4, '3 спортивный разряд', 8, 2),
       (5, '2 спортивный разряд', 9, 2),
       (6, '1 спортивный разряд', 10, 3),
       (7, 'Кандидат в мастера спорта', 11, 3),
       (8, 'Мастер спорта', 13, 150),
       (9, 'Мастер спорта международного класса', 14, 150);

insert into coach(id, category_id, fullname, sex, birthdate, skating_type)
values (1, 8, 'Тутберидзе Этери Георгиевна', 'f', '1974-02-24', 'single'),
       (2, 8, 'Плющенко Евгений Викторович', 'm', '1982-11-03', 'single'),
       (3, 9, 'Водорезова Елена Германовна', 'f', '1963-05-21', 'single'),
       (4, 8, 'Мишина Татьяна Николаевна', 'f', '1954-06-16', 'single'),
       (5, 8, 'Мишин Алексей Николаевич', 'm', '1941-03-08', 'pairs'),
       (6, 8, 'Рукавицын Евгений Владимирович', 'm', '1977-02-26', 'single'),
       (7, 8, 'Татауров Олег Станиславович', 'm', '1972-08-23', 'single'),
       (8, 7, 'Соколовская Светлана Владимировна', 'f', '1965-12-10', 'ice dancing'),
       (9, 8, 'Москвина Тамара Николаевна', 'f', '1941-06-26', 'pairs'),
       (10, 8, 'Слюсаренко Павел Сергеевич', 'm', '1986-07-11', 'single'),
       (11, 7, 'Морозов Николай Александрович', 'm', '1975-12-17', 'ice dancing'),
       (12, 6, 'Жулин Александр Вячеславович', 'm', '1963-07-20', 'ice dancing'),
       (13, 9, 'Тарасова Татьяна Анатольевна', 'f', '1947-02-13', 'single'),
       (14, 8, 'Урманов Алексей Евгеньевич', 'm', '1973-11-17', 'single'),
       (15, 6, 'Мозер Нина Михайловна', 'f', '1964-08-28', 'pairs'),
       (16, 6, 'Балуева Наталия Вячеславовна', 'f', '1983-01-27', 'single');


insert into skater_coach(coach_id, skater_id)
values (1, 1),
       (1, 2),
       (1, 3),
       (1, 4),
       (1, 5),
       (1, 6),
       (1, 7),
       (1, 8),
       (1, 9),
       (16, 10),
       (4, 11),
       (5, 11),
       (6, 12),
       (1, 13),
       (7, 14),
       (4, 15),
       (5, 15),
       (8, 16),
       (9, 17),
       (9, 18),
       (1, 19),
       (1, 20),
       (10, 21),
       (10, 22),
       (11, 23),
       (11, 24),
       (12, 25),
       (12, 26),
       (12, 27),
       (12, 28),
       (1, 29);


insert into figure_skater_categories(skater_id, category_id, assignment_date)
values (1, 2, '2007-05-02'),
       (1, 5, '2010-11-15'),
       (1, 7, '2013-08-03'),
       (1, 9, '2015-02-21'),
       (2, 4, '2006-11-15'),
       (2, 7, '2016-05-05'),
       (2, 9, '2017-07-26'),
       (3, 3, '2013-02-05'),
       (3, 4, '2013-07-12'),
       (3, 6, '2014-03-10'),
       (3, 7, '2019-06-28'),
       (3, 9, '2020-02-25'),
       (4, 7, '2018-02-20'),
       (4, 9, '2020-02-20'),
       (4, 3, '2012-03-05'),
       (5, 1, '2010-03-01'),
       (5, 3, '2012-10-28'),
       (5, 6, '2016-05-12'),
       (5, 7, '2016-12-09'),
       (5, 8, '2020-06-09'),
       (6, 5, '2010-02-24'),
       (6, 7, '2013-04-08'),
       (6, 8, '2014-02-10'),
       (7, 1, '2012-08-01'),
       (7, 3, '2014-03-20'),
       (7, 5, '2018-09-28'),
       (7, 7, '2020-05-30'),
       (8, 2, '2013-02-27'),
       (8, 3, '2013-07-13'),
       (8, 8, '2015-09-21'),
       (8, 5, '2017-10-11'),
       (8, 7, '2020-10-11'),
       (9, 2, '2018-06-03'),
       (9, 4, '2020-10-15'),
       (9, 5, '2023-04-24'),
       (10, 2, '2019-05-08'),
       (10, 4, '2020-10-29'),
       (11, 8, '2022-07-26'),
       (11, 1, '2010-06-02'),
       (11, 5, '2015-07-26'),
       (11, 7, '2020-07-26'),
       (12, 7, '2022-02-02'),
       (12, 2, '2009-03-19'),
       (12, 3, '2012-09-21'),
       (12, 4, '2017-10-30'),
       (12, 6, '2019-12-01'),
       (13, 7, '2023-10-05'),
       (13, 5, '2020-11-25'),
       (13, 4, '2017-02-13'),
       (13, 2, '2015-05-18'),
       (13, 1, '2011-02-23'),
       (14, 5, '2020-03-30'),
       (14, 3, '2018-12-20'),
       (14, 2, '2013-10-01'),
       (14, 1, '2011-07-27'),
       (15, 9, '2023-10-02'),
       (15, 8, '2022-05-21'),
       (15, 6, '2020-11-09'),
       (15, 5, '2017-08-12'),
       (15, 3, '2016-03-06'),
       (15, 2, '2015-11-13'),
       (15, 1, '2012-12-26'),
       (16, 8, '2021-05-31'),
       (16, 9, '2021-12-29'),
       (16, 5, '2019-02-09'),
       (16, 3, '2018-07-24'),
       (16, 2, '2015-02-12'),
       (16, 1, '2011-05-29'),
       (17, 9, '2023-04-19'),
       (18, 9, '2023-04-19');


insert into competition(id, title, date, venue)
values (1, 'Чемпионат Росии по фигурному катанию', '2022-12-25', 'Красноярск'),
       (2, 'Первенство Москвы по фигурному катанию', '2023-04-23', 'Москва'),
       (3, 'Кубок первого канала', '2023-01-22', 'Москва'),
       (4, 'Зимние Олимпийские игры', '2020-01-14', 'Лозанна'),
       (5, 'Зимние Олимпийские игры', '2014-02-22', 'Сочи'),
       (6, 'Зимние Олимпийские игры', '2022-02-20', 'Пекин'),
       (7, 'Зимние Олимпийские игры', '2018-02-23', 'Пхёнчхан'),
       (8, 'Чемпионат России', '2019-03-19', 'Москва'),
       (9, 'Чемпионат по прыжкам', '2024-01-21', 'Москва'),
       (10, 'Чемпионат по прыжкам', '2022-12-04', 'Санкт-Петербург');


insert into medal(skater_id, competition_id, type)
values (11, 1, 'golden'),
       (15, 1, 'silver'),
       (19, 1, 'golden'),
       (20, 1, 'golden'),
       (17, 1, 'silver'),
       (18, 1, 'silver'),
       (8, 1, 'bronze'),
       (9, 1, 'golden'),
       (4, 1, 'silver'),
       (27, 1, 'golden'),
       (28, 1, 'golden'),
       (24, 1, 'silver'),
       (23, 1, 'silver'),
       (25, 1, 'bronze'),
       (26, 1, 'bronze'),
       (13, 2, 'golden'),
       (12, 2, 'silver'),
       (15, 2, 'bronze'),
       (7, 2, 'golden'),
       (9, 2, 'silver'),
       (10, 2, 'bronze'),
       (11, 3, 'golden'),
       (15, 3, 'silver'),
       (12, 3, 'bronze'),
       (19, 3, 'golden'),
       (20, 3, 'golden'),
       (17, 3, 'silver'),
       (18, 3, 'silver'),
       (21, 3, 'bronze'),
       (22, 3, 'bronze'),
       (25, 5, 'bronze'),
       (26, 5, 'bronze'),
       (4, 6, 'golden'),
       (3, 6, 'silver'),
       (17, 6, 'bronze'),
       (18, 6, 'bronze'),
       (25, 6, 'silver'),
       (26, 6, 'silver'),
       (16, 6, 'bronze'),
       (2, 7, 'golden'),
       (1, 7, 'silver'),
       (29, 7, 'silver'),
       (4, 8, 'golden'),
       (3, 8, 'silver'),
       (5, 8, 'bronze'),
       (16, 8, 'golden'),
       (29, 8, 'silver'),
       (13, 8, 'bronze'),
       (19, 8, 'golden'),
       (20, 8, 'golden'),
       (17, 8, 'silver'),
       (18, 8, 'silver'),
       (25, 8, 'golden'),
       (26, 8, 'golden'),
       (27, 8, 'silver'),
       (28, 8, 'silver'),
       (23, 8, 'bronze'),
       (24, 8, 'bronze'),
       (15, 9, 'golden'),
       (11, 9, 'silver'),
       (16, 9, 'bronze'),
       (9, 9, 'golden'),
       (19, 9, 'silver'),
       (20, 9, 'silver'),
       (17, 9, 'bronze'),
       (18, 9, 'bronze'),
       (8, 10, 'golden'),
       (7, 10, 'silver'),
       (10, 10, 'bronze'),
       (15, 10, 'golden'),
       (11, 10, 'silver'),
       (12, 10, 'bronze');